{"2": [45.704556, 45.961461, 46.697411, 45.397223, 34.560532], "4": [34.054386, 30.883375, 31.471378, 26.787801, 20.525528], "6": [26.960868, 28.995581, 26.737178, 21.00735, 18.874035], "8": [27.299742, 24.706742, 25.55871, 17.367863, 16.645969], "12": [22.711109, 24.128518, 22.809225, 16.737138, 15.698607]}