{"0": 66.701833, "1": 65.880039, "2": 60.958873, "3": 62.778396, "4": 61.866599}