{"2": [42.352248, 45.401215, 44.082379, 50.764889, 46.432288], "4": [30.951113, 32.416725, 26.772953, 35.17493, 31.57544], "6": [22.174383, 24.82346, 24.566978, 24.220572, 25.669082], "8": [23.895996, 22.806712, 20.715548, 21.14411, 28.431913], "12": [19.694374, 19.498572, 23.85319, 25.035997, 22.13138]}